Average GPA's,Spring 2005,Fall 2005,Spring 2006,Fall 2006,Spring 2007,Fall 2007,Spring 2008,Fall 2008,Spring 2009,Fall 2009,Spring 2010,Fall 2010,Spring 2011,Fall 2011,Spring 2012,Fall 2012,Spring 2013,Fall 2013,Spring 2014
Average Femal GPA,3.33,3.27,3.34,3.29,3.35,3.2835,3.34,3.26,3.33,3.26,3.29,3.27,3.33,3.29,3.33,3.28,3.36,3.32,3.37
Average Male GPA,3.13,3.09,3.14,3.09,3.15,3.0983,3.17,3.11,3.17,3.1,3.16,3.11,3.17,3.17,3.2,3.13,3.19,3.18,3.21
All Undergrad GPA,3.24,3.19,3.25,3.19,3.26,3.1985,3.26,3.19,3.26,3.19,3.23,3.2,3.26,3.23,3.28,3.21,3.28,3.25,3.3
Average Sorority GPA,3.31,3.25,3.36,3.2641,3.2545,3.2616,3.319713,3.24537,3.341488,3.2575,3.3109,3.2537,3.3233,3.28,3.3636,3.2635,3.3917,3.3041,3.39
Average Fraternity GPA,3.06,3.02,3.11,3.0495,3.1077,3.0271,3.128612,3.08622,3.1503,3.0919,3.1914,3.0918,3.1705,3.18,3.2339,3.17,3.2354,3.1725,3.24
All Greek GPA,3.21,3.16,3.24,3.15,3.1916,3.1667,3.2341,3.1757,3.2515,3.1909,3.2593,3.1845,3.196,3.24,3.3038,3.2233,3.3241,3.25,3.32
